"","County","Year","All Months"
"1","ALAMANCE",1998,162
"2","ALAMANCE",1999,236
"3","ALAMANCE",2000,254
"4","ALAMANCE",2001,315
"5","ALAMANCE",2002,418
"6","ALAMANCE",2003,562
"7","ALAMANCE",2004,574
"8","ALAMANCE",2005,669
"9","ALAMANCE",2006,737
"10","ALAMANCE",2007,882
"11","ALAMANCE",2008,872
"12","ALAMANCE",2009,932
"13","ALAMANCE",2010,976
"14","ALAMANCE",2011,738
"15","ALAMANCE",2012,812
"16","ALAMANCE",2013,653
"17","ALAMANCE",2014,444
"18","ALAMANCE",2015,373
"19","ALAMANCE",2016,353
"20","ALAMANCE",2017,330
"21","ALAMANCE",2018,217
"22","ALEXANDER",1998,44
"23","ALEXANDER",1999,59
"24","ALEXANDER",2000,62
"25","ALEXANDER",2001,95
"26","ALEXANDER",2002,107
"27","ALEXANDER",2003,164
"28","ALEXANDER",2004,147
"29","ALEXANDER",2005,153
"30","ALEXANDER",2006,184
"31","ALEXANDER",2007,161
"32","ALEXANDER",2008,143
"33","ALEXANDER",2009,157
"34","ALEXANDER",2010,200
"35","ALEXANDER",2011,154
"36","ALEXANDER",2012,167
"37","ALEXANDER",2013,148
"38","ALEXANDER",2014,102
"39","ALEXANDER",2015,100
"40","ALEXANDER",2016,73
"41","ALEXANDER",2017,75
"42","ALEXANDER",2018,44
"43","ALLEGHANY",1998,23
"44","ALLEGHANY",1999,16
"45","ALLEGHANY",2000,29
"46","ALLEGHANY",2001,32
"47","ALLEGHANY",2002,43
"48","ALLEGHANY",2003,45
"49","ALLEGHANY",2004,32
"50","ALLEGHANY",2005,53
"51","ALLEGHANY",2006,34
"52","ALLEGHANY",2007,31
"53","ALLEGHANY",2008,48
"54","ALLEGHANY",2009,109
"55","ALLEGHANY",2010,87
"56","ALLEGHANY",2011,77
"57","ALLEGHANY",2012,70
"58","ALLEGHANY",2013,52
"59","ALLEGHANY",2014,31
"60","ALLEGHANY",2015,23
"61","ALLEGHANY",2016,32
"62","ALLEGHANY",2017,18
"63","ALLEGHANY",2018,12
"64","ANSON",1998,42
"65","ANSON",1999,63
"66","ANSON",2000,56
"67","ANSON",2001,59
"68","ANSON",2002,98
"69","ANSON",2003,92
"70","ANSON",2004,97
"71","ANSON",2005,130
"72","ANSON",2006,114
"73","ANSON",2007,105
"74","ANSON",2008,110
"75","ANSON",2009,79
"76","ANSON",2010,100
"77","ANSON",2011,90
"78","ANSON",2012,87
"79","ANSON",2013,56
"80","ANSON",2014,53
"81","ANSON",2015,50
"82","ANSON",2016,38
"83","ANSON",2017,54
"84","ANSON",2018,36
"85","ASHE",1998,17
"86","ASHE",1999,23
"87","ASHE",2000,31
"88","ASHE",2001,45
"89","ASHE",2002,43
"90","ASHE",2003,55
"91","ASHE",2004,55
"92","ASHE",2005,65
"93","ASHE",2006,76
"94","ASHE",2007,94
"95","ASHE",2008,81
"96","ASHE",2009,136
"97","ASHE",2010,158
"98","ASHE",2011,147
"99","ASHE",2012,123
"100","ASHE",2013,99
"101","ASHE",2014,89
"102","ASHE",2015,56
"103","ASHE",2016,80
"104","ASHE",2017,45
"105","ASHE",2018,29
"106","AVERY",1998,31
"107","AVERY",1999,14
"108","AVERY",2000,22
"109","AVERY",2001,37
"110","AVERY",2002,56
"111","AVERY",2003,208
"112","AVERY",2004,69
"113","AVERY",2005,41
"114","AVERY",2006,49
"115","AVERY",2007,49
"116","AVERY",2008,60
"117","AVERY",2009,112
"118","AVERY",2010,153
"119","AVERY",2011,144
"120","AVERY",2012,110
"121","AVERY",2013,96
"122","AVERY",2014,56
"123","AVERY",2015,54
"124","AVERY",2016,51
"125","AVERY",2017,51
"126","AVERY",2018,29
"127","BEAUFORT",1998,56
"128","BEAUFORT",1999,82
"129","BEAUFORT",2000,78
"130","BEAUFORT",2001,97
"131","BEAUFORT",2002,116
"132","BEAUFORT",2003,148
"133","BEAUFORT",2004,150
"134","BEAUFORT",2005,132
"135","BEAUFORT",2006,125
"136","BEAUFORT",2007,133
"137","BEAUFORT",2008,122
"138","BEAUFORT",2009,142
"139","BEAUFORT",2010,171
"140","BEAUFORT",2011,187
"141","BEAUFORT",2012,173
"142","BEAUFORT",2013,184
"143","BEAUFORT",2014,98
"144","BEAUFORT",2015,112
"145","BEAUFORT",2016,106
"146","BEAUFORT",2017,78
"147","BEAUFORT",2018,64
"148","BERTIE",1998,36
"149","BERTIE",1999,37
"150","BERTIE",2000,54
"151","BERTIE",2001,57
"152","BERTIE",2002,86
"153","BERTIE",2003,67
"154","BERTIE",2004,63
"155","BERTIE",2005,72
"156","BERTIE",2006,68
"157","BERTIE",2007,77
"158","BERTIE",2008,56
"159","BERTIE",2009,63
"160","BERTIE",2010,47
"161","BERTIE",2011,54
"162","BERTIE",2012,55
"163","BERTIE",2013,54
"164","BERTIE",2014,57
"165","BERTIE",2015,39
"166","BERTIE",2016,36
"167","BERTIE",2017,34
"168","BERTIE",2018,20
"169","BLADEN",1998,53
"170","BLADEN",1999,84
"171","BLADEN",2000,75
"172","BLADEN",2001,107
"173","BLADEN",2002,145
"174","BLADEN",2003,152
"175","BLADEN",2004,133
"176","BLADEN",2005,120
"177","BLADEN",2006,113
"178","BLADEN",2007,116
"179","BLADEN",2008,111
"180","BLADEN",2009,121
"181","BLADEN",2010,135
"182","BLADEN",2011,96
"183","BLADEN",2012,90
"184","BLADEN",2013,109
"185","BLADEN",2014,74
"186","BLADEN",2015,51
"187","BLADEN",2016,60
"188","BLADEN",2017,54
"189","BLADEN",2018,47
"190","BRUNSWICK",1998,157
"191","BRUNSWICK",1999,197
"192","BRUNSWICK",2000,216
"193","BRUNSWICK",2001,346
"194","BRUNSWICK",2002,458
"195","BRUNSWICK",2003,512
"196","BRUNSWICK",2004,452
"197","BRUNSWICK",2005,365
"198","BRUNSWICK",2006,308
"199","BRUNSWICK",2007,491
"200","BRUNSWICK",2008,900
"201","BRUNSWICK",2009,1642
"202","BRUNSWICK",2010,1693
"203","BRUNSWICK",2011,1457
"204","BRUNSWICK",2012,1173
"205","BRUNSWICK",2013,932
"206","BRUNSWICK",2014,631
"207","BRUNSWICK",2015,489
"208","BRUNSWICK",2016,438
"209","BRUNSWICK",2017,391
"210","BRUNSWICK",2018,370
"211","BUNCOMBE",1998,275
"212","BUNCOMBE",1999,338
"213","BUNCOMBE",2000,406
"214","BUNCOMBE",2001,497
"215","BUNCOMBE",2002,656
"216","BUNCOMBE",2003,684
"217","BUNCOMBE",2004,637
"218","BUNCOMBE",2005,653
"219","BUNCOMBE",2006,629
"220","BUNCOMBE",2007,680
"221","BUNCOMBE",2008,858
"222","BUNCOMBE",2009,1160
"223","BUNCOMBE",2010,1376
"224","BUNCOMBE",2011,1217
"225","BUNCOMBE",2012,1037
"226","BUNCOMBE",2013,795
"227","BUNCOMBE",2014,508
"228","BUNCOMBE",2015,376
"229","BUNCOMBE",2016,315
"230","BUNCOMBE",2017,246
"231","BUNCOMBE",2018,215
"232","BURKE",1998,103
"233","BURKE",1999,133
"234","BURKE",2000,151
"235","BURKE",2001,210
"236","BURKE",2002,281
"237","BURKE",2003,423
"238","BURKE",2004,364
"239","BURKE",2005,437
"240","BURKE",2006,422
"241","BURKE",2007,414
"242","BURKE",2008,438
"243","BURKE",2009,372
"244","BURKE",2010,463
"245","BURKE",2011,379
"246","BURKE",2012,347
"247","BURKE",2013,301
"248","BURKE",2014,227
"249","BURKE",2015,237
"250","BURKE",2016,204
"251","BURKE",2017,144
"252","BURKE",2018,125
"253","CABARRUS",1998,180
"254","CABARRUS",1999,180
"255","CABARRUS",2000,258
"256","CABARRUS",2001,390
"257","CABARRUS",2002,572
"258","CABARRUS",2003,842
"259","CABARRUS",2004,886
"260","CABARRUS",2005,919
"261","CABARRUS",2006,990
"262","CABARRUS",2007,1121
"263","CABARRUS",2008,1193
"264","CABARRUS",2009,1472
"265","CABARRUS",2010,1625
"266","CABARRUS",2011,1338
"267","CABARRUS",2012,1451
"268","CABARRUS",2013,1115
"269","CABARRUS",2014,793
"270","CABARRUS",2015,632
"271","CABARRUS",2016,573
"272","CABARRUS",2017,490
"273","CABARRUS",2018,327
"274","CALDWELL",1998,121
"275","CALDWELL",1999,105
"276","CALDWELL",2000,139
"277","CALDWELL",2001,227
"278","CALDWELL",2002,345
"279","CALDWELL",2003,461
"280","CALDWELL",2004,453
"281","CALDWELL",2005,488
"282","CALDWELL",2006,494
"283","CALDWELL",2007,540
"284","CALDWELL",2008,489
"285","CALDWELL",2009,480
"286","CALDWELL",2010,568
"287","CALDWELL",2011,417
"288","CALDWELL",2012,481
"289","CALDWELL",2013,384
"290","CALDWELL",2014,281
"291","CALDWELL",2015,222
"292","CALDWELL",2016,199
"293","CALDWELL",2017,178
"294","CALDWELL",2018,159
"295","CAMDEN",1998,19
"296","CAMDEN",1999,20
"297","CAMDEN",2000,22
"298","CAMDEN",2001,21
"299","CAMDEN",2002,15
"300","CAMDEN",2003,23
"301","CAMDEN",2004,13
"302","CAMDEN",2005,24
"303","CAMDEN",2006,21
"304","CAMDEN",2007,32
"305","CAMDEN",2008,45
"306","CAMDEN",2009,57
"307","CAMDEN",2010,74
"308","CAMDEN",2011,67
"309","CAMDEN",2012,57
"310","CAMDEN",2013,52
"311","CAMDEN",2014,38
"312","CAMDEN",2015,31
"313","CAMDEN",2016,39
"314","CAMDEN",2017,35
"315","CAMDEN",2018,16
"316","CARTERET",1998,99
"317","CARTERET",1999,155
"318","CARTERET",2000,97
"319","CARTERET",2001,127
"320","CARTERET",2002,155
"321","CARTERET",2003,184
"322","CARTERET",2004,144
"323","CARTERET",2005,152
"324","CARTERET",2006,146
"325","CARTERET",2007,205
"326","CARTERET",2008,308
"327","CARTERET",2009,450
"328","CARTERET",2010,540
"329","CARTERET",2011,477
"330","CARTERET",2012,429
"331","CARTERET",2013,342
"332","CARTERET",2014,219
"333","CARTERET",2015,229
"334","CARTERET",2016,185
"335","CARTERET",2017,183
"336","CARTERET",2018,143
"337","CASWELL",1998,36
"338","CASWELL",1999,48
"339","CASWELL",2000,66
"340","CASWELL",2001,74
"341","CASWELL",2002,87
"342","CASWELL",2003,116
"343","CASWELL",2004,136
"344","CASWELL",2005,128
"345","CASWELL",2006,121
"346","CASWELL",2007,141
"347","CASWELL",2008,128
"348","CASWELL",2009,110
"349","CASWELL",2010,122
"350","CASWELL",2011,94
"351","CASWELL",2012,94
"352","CASWELL",2013,83
"353","CASWELL",2014,60
"354","CASWELL",2015,67
"355","CASWELL",2016,51
"356","CASWELL",2017,63
"357","CASWELL",2018,42
"358","CATAWBA",1998,193
"359","CATAWBA",1999,225
"360","CATAWBA",2000,287
"361","CATAWBA",2001,376
"362","CATAWBA",2002,545
"363","CATAWBA",2003,858
"364","CATAWBA",2004,774
"365","CATAWBA",2005,754
"366","CATAWBA",2006,822
"367","CATAWBA",2007,833
"368","CATAWBA",2008,880
"369","CATAWBA",2009,879
"370","CATAWBA",2010,974
"371","CATAWBA",2011,773
"372","CATAWBA",2012,746
"373","CATAWBA",2013,678
"374","CATAWBA",2014,536
"375","CATAWBA",2015,410
"376","CATAWBA",2016,381
"377","CATAWBA",2017,336
"378","CATAWBA",2018,202
"379","CHATHAM",1998,54
"380","CHATHAM",1999,65
"381","CHATHAM",2000,61
"382","CHATHAM",2001,77
"383","CHATHAM",2002,147
"384","CHATHAM",2003,179
"385","CHATHAM",2004,176
"386","CHATHAM",2005,192
"387","CHATHAM",2006,191
"388","CHATHAM",2007,189
"389","CHATHAM",2008,228
"390","CHATHAM",2009,315
"391","CHATHAM",2010,333
"392","CHATHAM",2011,251
"393","CHATHAM",2012,240
"394","CHATHAM",2013,212
"395","CHATHAM",2014,126
"396","CHATHAM",2015,124
"397","CHATHAM",2016,112
"398","CHATHAM",2017,90
"399","CHATHAM",2018,64
"400","CHEROKEE",1998,39
"401","CHEROKEE",1999,46
"402","CHEROKEE",2000,45
"403","CHEROKEE",2001,75
"404","CHEROKEE",2002,69
"405","CHEROKEE",2003,82
"406","CHEROKEE",2004,75
"407","CHEROKEE",2005,72
"408","CHEROKEE",2006,59
"409","CHEROKEE",2007,102
"410","CHEROKEE",2008,159
"411","CHEROKEE",2009,336
"412","CHEROKEE",2010,297
"413","CHEROKEE",2011,270
"414","CHEROKEE",2012,216
"415","CHEROKEE",2013,155
"416","CHEROKEE",2014,110
"417","CHEROKEE",2015,80
"418","CHEROKEE",2016,63
"419","CHEROKEE",2017,78
"420","CHEROKEE",2018,44
"421","CHOWAN",1998,23
"422","CHOWAN",1999,42
"423","CHOWAN",2000,31
"424","CHOWAN",2001,27
"425","CHOWAN",2002,38
"426","CHOWAN",2003,46
"427","CHOWAN",2004,28
"428","CHOWAN",2005,26
"429","CHOWAN",2006,40
"430","CHOWAN",2007,57
"431","CHOWAN",2008,60
"432","CHOWAN",2009,72
"433","CHOWAN",2010,87
"434","CHOWAN",2011,64
"435","CHOWAN",2012,66
"436","CHOWAN",2013,76
"437","CHOWAN",2014,37
"438","CHOWAN",2015,38
"439","CHOWAN",2016,34
"440","CHOWAN",2017,38
"441","CHOWAN",2018,37
"442","CLAY",1998,13
"443","CLAY",1999,14
"444","CLAY",2000,15
"445","CLAY",2001,14
"446","CLAY",2002,32
"447","CLAY",2003,17
"448","CLAY",2004,24
"449","CLAY",2005,18
"450","CLAY",2006,16
"451","CLAY",2007,32
"452","CLAY",2008,47
"453","CLAY",2009,121
"454","CLAY",2010,124
"455","CLAY",2011,101
"456","CLAY",2012,104
"457","CLAY",2013,81
"458","CLAY",2014,47
"459","CLAY",2015,36
"460","CLAY",2016,39
"461","CLAY",2017,31
"462","CLAY",2018,24
"463","CLEVELAND",1998,193
"464","CLEVELAND",1999,205
"465","CLEVELAND",2000,278
"466","CLEVELAND",2001,324
"467","CLEVELAND",2002,496
"468","CLEVELAND",2003,541
"469","CLEVELAND",2004,566
"470","CLEVELAND",2005,553
"471","CLEVELAND",2006,663
"472","CLEVELAND",2007,583
"473","CLEVELAND",2008,546
"474","CLEVELAND",2009,557
"475","CLEVELAND",2010,648
"476","CLEVELAND",2011,486
"477","CLEVELAND",2012,503
"478","CLEVELAND",2013,415
"479","CLEVELAND",2014,296
"480","CLEVELAND",2015,234
"481","CLEVELAND",2016,235
"482","CLEVELAND",2017,230
"483","CLEVELAND",2018,144
"484","COLUMBUS",1998,71
"485","COLUMBUS",1999,128
"486","COLUMBUS",2000,160
"487","COLUMBUS",2001,185
"488","COLUMBUS",2002,253
"489","COLUMBUS",2003,262
"490","COLUMBUS",2004,252
"491","COLUMBUS",2005,227
"492","COLUMBUS",2006,217
"493","COLUMBUS",2007,221
"494","COLUMBUS",2008,208
"495","COLUMBUS",2009,170
"496","COLUMBUS",2010,228
"497","COLUMBUS",2011,209
"498","COLUMBUS",2012,192
"499","COLUMBUS",2013,191
"500","COLUMBUS",2014,128
"501","COLUMBUS",2015,130
"502","COLUMBUS",2016,121
"503","COLUMBUS",2017,125
"504","COLUMBUS",2018,83
"505","CRAVEN",1998,147
"506","CRAVEN",1999,199
"507","CRAVEN",2000,188
"508","CRAVEN",2001,283
"509","CRAVEN",2002,349
"510","CRAVEN",2003,599
"511","CRAVEN",2004,474
"512","CRAVEN",2005,283
"513","CRAVEN",2006,330
"514","CRAVEN",2007,333
"515","CRAVEN",2008,393
"516","CRAVEN",2009,421
"517","CRAVEN",2010,426
"518","CRAVEN",2011,347
"519","CRAVEN",2012,416
"520","CRAVEN",2013,393
"521","CRAVEN",2014,497
"522","CRAVEN",2015,307
"523","CRAVEN",2016,258
"524","CRAVEN",2017,285
"525","CRAVEN",2018,186
"526","CUMBERLAND",1998,1581
"527","CUMBERLAND",1999,1635
"528","CUMBERLAND",2000,1651
"529","CUMBERLAND",2001,1739
"530","CUMBERLAND",2002,1992
"531","CUMBERLAND",2003,2067
"532","CUMBERLAND",2004,1707
"533","CUMBERLAND",2005,1656
"534","CUMBERLAND",2006,1568
"535","CUMBERLAND",2007,1651
"536","CUMBERLAND",2008,1693
"537","CUMBERLAND",2009,1441
"538","CUMBERLAND",2010,1590
"539","CUMBERLAND",2011,1236
"540","CUMBERLAND",2012,1687
"541","CUMBERLAND",2013,1506
"542","CUMBERLAND",2014,1411
"543","CUMBERLAND",2015,1369
"544","CUMBERLAND",2016,1163
"545","CUMBERLAND",2017,1283
"546","CUMBERLAND",2018,868
"547","CURRITUCK",1998,44
"548","CURRITUCK",1999,57
"549","CURRITUCK",2000,60
"550","CURRITUCK",2001,61
"551","CURRITUCK",2002,74
"552","CURRITUCK",2003,78
"553","CURRITUCK",2004,63
"554","CURRITUCK",2005,73
"555","CURRITUCK",2006,75
"556","CURRITUCK",2007,141
"557","CURRITUCK",2008,206
"558","CURRITUCK",2009,326
"559","CURRITUCK",2010,320
"560","CURRITUCK",2011,249
"561","CURRITUCK",2012,259
"562","CURRITUCK",2013,210
"563","CURRITUCK",2014,145
"564","CURRITUCK",2015,126
"565","CURRITUCK",2016,109
"566","CURRITUCK",2017,107
"567","CURRITUCK",2018,72
"568","DARE",1998,164
"569","DARE",1999,185
"570","DARE",2000,145
"571","DARE",2001,209
"572","DARE",2002,204
"573","DARE",2003,180
"574","DARE",2004,210
"575","DARE",2005,203
"576","DARE",2006,296
"577","DARE",2007,542
"578","DARE",2008,758
"579","DARE",2009,1022
"580","DARE",2010,885
"581","DARE",2011,605
"582","DARE",2012,377
"583","DARE",2013,336
"584","DARE",2014,228
"585","DARE",2015,322
"586","DARE",2016,129
"587","DARE",2017,186
"588","DARE",2018,92
"589","DAVIDSON",1998,168
"590","DAVIDSON",1999,237
"591","DAVIDSON",2000,270
"592","DAVIDSON",2001,434
"593","DAVIDSON",2002,567
"594","DAVIDSON",2003,625
"595","DAVIDSON",2004,668
"596","DAVIDSON",2005,660
"597","DAVIDSON",2006,742
"598","DAVIDSON",2007,808
"599","DAVIDSON",2008,884
"600","DAVIDSON",2009,923
"601","DAVIDSON",2010,1109
"602","DAVIDSON",2011,837
"603","DAVIDSON",2012,863
"604","DAVIDSON",2013,721
"605","DAVIDSON",2014,562
"606","DAVIDSON",2015,472
"607","DAVIDSON",2016,395
"608","DAVIDSON",2017,354
"609","DAVIDSON",2018,276
"610","DAVIE",1998,34
"611","DAVIE",1999,43
"612","DAVIE",2000,65
"613","DAVIE",2001,64
"614","DAVIE",2002,106
"615","DAVIE",2003,181
"616","DAVIE",2004,148
"617","DAVIE",2005,137
"618","DAVIE",2006,176
"619","DAVIE",2007,200
"620","DAVIE",2008,171
"621","DAVIE",2009,200
"622","DAVIE",2010,243
"623","DAVIE",2011,231
"624","DAVIE",2012,212
"625","DAVIE",2013,197
"626","DAVIE",2014,98
"627","DAVIE",2015,111
"628","DAVIE",2016,91
"629","DAVIE",2017,76
"630","DAVIE",2018,58
"631","DUPLIN",1998,75
"632","DUPLIN",1999,87
"633","DUPLIN",2000,99
"634","DUPLIN",2001,132
"635","DUPLIN",2002,184
"636","DUPLIN",2003,255
"637","DUPLIN",2004,235
"638","DUPLIN",2005,199
"639","DUPLIN",2006,196
"640","DUPLIN",2007,175
"641","DUPLIN",2008,192
"642","DUPLIN",2009,193
"643","DUPLIN",2010,214
"644","DUPLIN",2011,175
"645","DUPLIN",2012,179
"646","DUPLIN",2013,152
"647","DUPLIN",2014,138
"648","DUPLIN",2015,116
"649","DUPLIN",2016,87
"650","DUPLIN",2017,99
"651","DUPLIN",2018,56
"652","DURHAM",1998,520
"653","DURHAM",1999,608
"654","DURHAM",2000,673
"655","DURHAM",2001,790
"656","DURHAM",2002,1107
"657","DURHAM",2003,1419
"658","DURHAM",2004,1433
"659","DURHAM",2005,1444
"660","DURHAM",2006,1571
"661","DURHAM",2007,1697
"662","DURHAM",2008,1675
"663","DURHAM",2009,1792
"664","DURHAM",2010,1771
"665","DURHAM",2011,1495
"666","DURHAM",2012,1454
"667","DURHAM",2013,1158
"668","DURHAM",2014,839
"669","DURHAM",2015,764
"670","DURHAM",2016,693
"671","DURHAM",2017,608
"672","DURHAM",2018,419
"673","EDGECOMBE",1998,130
"674","EDGECOMBE",1999,154
"675","EDGECOMBE",2000,186
"676","EDGECOMBE",2001,221
"677","EDGECOMBE",2002,316
"678","EDGECOMBE",2003,332
"679","EDGECOMBE",2004,351
"680","EDGECOMBE",2005,343
"681","EDGECOMBE",2006,381
"682","EDGECOMBE",2007,427
"683","EDGECOMBE",2008,339
"684","EDGECOMBE",2009,275
"685","EDGECOMBE",2010,277
"686","EDGECOMBE",2011,218
"687","EDGECOMBE",2012,208
"688","EDGECOMBE",2013,230
"689","EDGECOMBE",2014,164
"690","EDGECOMBE",2015,165
"691","EDGECOMBE",2016,126
"692","EDGECOMBE",2017,154
"693","EDGECOMBE",2018,99
"694","FORSYTH",1998,567
"695","FORSYTH",1999,598
"696","FORSYTH",2000,712
"697","FORSYTH",2001,837
"698","FORSYTH",2002,1259
"699","FORSYTH",2003,1560
"700","FORSYTH",2004,1610
"701","FORSYTH",2005,1783
"702","FORSYTH",2006,1860
"703","FORSYTH",2007,1990
"704","FORSYTH",2008,2209
"705","FORSYTH",2009,2253
"706","FORSYTH",2010,2395
"707","FORSYTH",2011,2019
"708","FORSYTH",2012,2064
"709","FORSYTH",2013,1847
"710","FORSYTH",2014,1372
"711","FORSYTH",2015,1236
"712","FORSYTH",2016,1076
"713","FORSYTH",2017,1022
"714","FORSYTH",2018,737
"715","FRANKLIN",1998,144
"716","FRANKLIN",1999,149
"717","FRANKLIN",2000,184
"718","FRANKLIN",2001,243
"719","FRANKLIN",2002,325
"720","FRANKLIN",2003,339
"721","FRANKLIN",2004,407
"722","FRANKLIN",2005,421
"723","FRANKLIN",2006,538
"724","FRANKLIN",2007,601
"725","FRANKLIN",2008,612
"726","FRANKLIN",2009,484
"727","FRANKLIN",2010,521
"728","FRANKLIN",2011,418
"729","FRANKLIN",2012,399
"730","FRANKLIN",2013,300
"731","FRANKLIN",2014,193
"732","FRANKLIN",2015,166
"733","FRANKLIN",2016,168
"734","FRANKLIN",2017,151
"735","FRANKLIN",2018,114
"736","GASTON",1998,385
"737","GASTON",1999,461
"738","GASTON",2000,510
"739","GASTON",2001,729
"740","GASTON",2002,1043
"741","GASTON",2003,1235
"742","GASTON",2004,1305
"743","GASTON",2005,1288
"744","GASTON",2006,1469
"745","GASTON",2007,1465
"746","GASTON",2008,1535
"747","GASTON",2009,1611
"748","GASTON",2010,1702
"749","GASTON",2011,1275
"750","GASTON",2012,1397
"751","GASTON",2013,1188
"752","GASTON",2014,774
"753","GASTON",2015,713
"754","GASTON",2016,618
"755","GASTON",2017,541
"756","GASTON",2018,350
"757","GATES",1998,11
"758","GATES",1999,52
"759","GATES",2000,27
"760","GATES",2001,39
"761","GATES",2002,39
"762","GATES",2003,55
"763","GATES",2004,39
"764","GATES",2005,48
"765","GATES",2006,55
"766","GATES",2007,51
"767","GATES",2008,56
"768","GATES",2009,53
"769","GATES",2010,74
"770","GATES",2011,40
"771","GATES",2012,75
"772","GATES",2013,62
"773","GATES",2014,36
"774","GATES",2015,41
"775","GATES",2016,39
"776","GATES",2017,33
"777","GATES",2018,21
"778","GRAHAM",1998,4
"779","GRAHAM",1999,2
"780","GRAHAM",2000,10
"781","GRAHAM",2001,12
"782","GRAHAM",2002,11
"783","GRAHAM",2003,8
"784","GRAHAM",2004,9
"785","GRAHAM",2005,6
"786","GRAHAM",2006,5
"787","GRAHAM",2007,8
"788","GRAHAM",2008,23
"789","GRAHAM",2009,38
"790","GRAHAM",2010,39
"791","GRAHAM",2011,29
"792","GRAHAM",2012,23
"793","GRAHAM",2013,18
"794","GRAHAM",2014,13
"795","GRAHAM",2015,12
"796","GRAHAM",2016,16
"797","GRAHAM",2017,6
"798","GRAHAM",2018,9
"799","GRANVILLE",1998,96
"800","GRANVILLE",1999,125
"801","GRANVILLE",2000,155
"802","GRANVILLE",2001,164
"803","GRANVILLE",2002,215
"804","GRANVILLE",2003,324
"805","GRANVILLE",2004,288
"806","GRANVILLE",2005,328
"807","GRANVILLE",2006,291
"808","GRANVILLE",2007,323
"809","GRANVILLE",2008,331
"810","GRANVILLE",2009,344
"811","GRANVILLE",2010,376
"812","GRANVILLE",2011,269
"813","GRANVILLE",2012,278
"814","GRANVILLE",2013,253
"815","GRANVILLE",2014,194
"816","GRANVILLE",2015,176
"817","GRANVILLE",2016,125
"818","GRANVILLE",2017,132
"819","GRANVILLE",2018,80
"820","GREENE",1998,32
"821","GREENE",1999,33
"822","GREENE",2000,42
"823","GREENE",2001,50
"824","GREENE",2002,63
"825","GREENE",2003,82
"826","GREENE",2004,83
"827","GREENE",2005,79
"828","GREENE",2006,67
"829","GREENE",2007,85
"830","GREENE",2008,73
"831","GREENE",2009,62
"832","GREENE",2010,83
"833","GREENE",2011,52
"834","GREENE",2012,54
"835","GREENE",2013,54
"836","GREENE",2014,44
"837","GREENE",2015,39
"838","GREENE",2016,36
"839","GREENE",2017,38
"840","GREENE",2018,34
"841","GUILFORD",1998,1047
"842","GUILFORD",1999,1064
"843","GUILFORD",2000,1192
"844","GUILFORD",2001,1502
"845","GUILFORD",2002,2199
"846","GUILFORD",2003,2622
"847","GUILFORD",2004,2556
"848","GUILFORD",2005,2761
"849","GUILFORD",2006,2978
"850","GUILFORD",2007,3445
"851","GUILFORD",2008,3936
"852","GUILFORD",2009,3746
"853","GUILFORD",2010,4018
"854","GUILFORD",2011,3409
"855","GUILFORD",2012,3513
"856","GUILFORD",2013,2824
"857","GUILFORD",2014,2097
"858","GUILFORD",2015,1936
"859","GUILFORD",2016,1545
"860","GUILFORD",2017,1376
"861","GUILFORD",2018,923
"862","HALIFAX",1998,65
"863","HALIFAX",1999,95
"864","HALIFAX",2000,88
"865","HALIFAX",2001,108
"866","HALIFAX",2002,185
"867","HALIFAX",2003,185
"868","HALIFAX",2004,197
"869","HALIFAX",2005,168
"870","HALIFAX",2006,172
"871","HALIFAX",2007,169
"872","HALIFAX",2008,171
"873","HALIFAX",2009,201
"874","HALIFAX",2010,203
"875","HALIFAX",2011,159
"876","HALIFAX",2012,155
"877","HALIFAX",2013,164
"878","HALIFAX",2014,138
"879","HALIFAX",2015,121
"880","HALIFAX",2016,81
"881","HALIFAX",2017,119
"882","HALIFAX",2018,78
"883","HARNETT",1998,317
"884","HARNETT",1999,335
"885","HARNETT",2000,432
"886","HARNETT",2001,450
"887","HARNETT",2002,542
"888","HARNETT",2003,670
"889","HARNETT",2004,608
"890","HARNETT",2005,503
"891","HARNETT",2006,533
"892","HARNETT",2007,549
"893","HARNETT",2008,622
"894","HARNETT",2009,587
"895","HARNETT",2010,671
"896","HARNETT",2011,489
"897","HARNETT",2012,575
"898","HARNETT",2013,512
"899","HARNETT",2014,417
"900","HARNETT",2015,371
"901","HARNETT",2016,322
"902","HARNETT",2017,357
"903","HARNETT",2018,236
"904","HAYWOOD",1998,81
"905","HAYWOOD",1999,81
"906","HAYWOOD",2000,92
"907","HAYWOOD",2001,155
"908","HAYWOOD",2002,230
"909","HAYWOOD",2003,199
"910","HAYWOOD",2004,191
"911","HAYWOOD",2005,178
"912","HAYWOOD",2006,200
"913","HAYWOOD",2007,304
"914","HAYWOOD",2008,251
"915","HAYWOOD",2009,378
"916","HAYWOOD",2010,407
"917","HAYWOOD",2011,364
"918","HAYWOOD",2012,360
"919","HAYWOOD",2013,261
"920","HAYWOOD",2014,170
"921","HAYWOOD",2015,167
"922","HAYWOOD",2016,135
"923","HAYWOOD",2017,94
"924","HAYWOOD",2018,93
"925","HENDERSON",1998,87
"926","HENDERSON",1999,132
"927","HENDERSON",2000,123
"928","HENDERSON",2001,179
"929","HENDERSON",2002,261
"930","HENDERSON",2003,304
"931","HENDERSON",2004,259
"932","HENDERSON",2005,297
"933","HENDERSON",2006,272
"934","HENDERSON",2007,263
"935","HENDERSON",2008,377
"936","HENDERSON",2009,544
"937","HENDERSON",2010,670
"938","HENDERSON",2011,550
"939","HENDERSON",2012,540
"940","HENDERSON",2013,449
"941","HENDERSON",2014,289
"942","HENDERSON",2015,230
"943","HENDERSON",2016,188
"944","HENDERSON",2017,158
"945","HENDERSON",2018,95
"946","HERTFORD",1998,30
"947","HERTFORD",1999,28
"948","HERTFORD",2000,41
"949","HERTFORD",2001,54
"950","HERTFORD",2002,66
"951","HERTFORD",2003,76
"952","HERTFORD",2004,71
"953","HERTFORD",2005,83
"954","HERTFORD",2006,87
"955","HERTFORD",2007,79
"956","HERTFORD",2008,81
"957","HERTFORD",2009,80
"958","HERTFORD",2010,107
"959","HERTFORD",2011,75
"960","HERTFORD",2012,72
"961","HERTFORD",2013,84
"962","HERTFORD",2014,55
"963","HERTFORD",2015,56
"964","HERTFORD",2016,57
"965","HERTFORD",2017,56
"966","HERTFORD",2018,40
"967","HOKE",1998,153
"968","HOKE",1999,186
"969","HOKE",2000,205
"970","HOKE",2001,198
"971","HOKE",2002,240
"972","HOKE",2003,263
"973","HOKE",2004,219
"974","HOKE",2005,216
"975","HOKE",2006,219
"976","HOKE",2007,195
"977","HOKE",2008,235
"978","HOKE",2009,239
"979","HOKE",2010,232
"980","HOKE",2011,165
"981","HOKE",2012,207
"982","HOKE",2013,258
"983","HOKE",2014,233
"984","HOKE",2015,239
"985","HOKE",2016,214
"986","HOKE",2017,207
"987","HOKE",2018,167
"988","HYDE",1998,2
"989","HYDE",1999,6
"990","HYDE",2000,7
"991","HYDE",2001,10
"992","HYDE",2002,18
"993","HYDE",2003,12
"994","HYDE",2004,13
"995","HYDE",2005,25
"996","HYDE",2006,16
"997","HYDE",2007,16
"998","HYDE",2008,22
"999","HYDE",2009,38
"1000","HYDE",2010,32
"1001","HYDE",2011,14
"1002","HYDE",2012,25
"1003","HYDE",2013,17
"1004","HYDE",2014,22
"1005","HYDE",2015,7
"1006","HYDE",2016,8
"1007","HYDE",2017,13
"1008","HYDE",2018,6
"1009","IREDELL",1998,221
"1010","IREDELL",1999,250
"1011","IREDELL",2000,279
"1012","IREDELL",2001,407
"1013","IREDELL",2002,599
"1014","IREDELL",2003,859
"1015","IREDELL",2004,837
"1016","IREDELL",2005,832
"1017","IREDELL",2006,919
"1018","IREDELL",2007,905
"1019","IREDELL",2008,981
"1020","IREDELL",2009,1195
"1021","IREDELL",2010,1335
"1022","IREDELL",2011,1109
"1023","IREDELL",2012,1062
"1024","IREDELL",2013,834
"1025","IREDELL",2014,542
"1026","IREDELL",2015,447
"1027","IREDELL",2016,419
"1028","IREDELL",2017,357
"1029","IREDELL",2018,281
"1030","JACKSON",1998,27
"1031","JACKSON",1999,41
"1032","JACKSON",2000,49
"1033","JACKSON",2001,51
"1034","JACKSON",2002,46
"1035","JACKSON",2003,65
"1036","JACKSON",2004,64
"1037","JACKSON",2005,131
"1038","JACKSON",2006,142
"1039","JACKSON",2007,212
"1040","JACKSON",2008,211
"1041","JACKSON",2009,415
"1042","JACKSON",2010,352
"1043","JACKSON",2011,279
"1044","JACKSON",2012,218
"1045","JACKSON",2013,256
"1046","JACKSON",2014,175
"1047","JACKSON",2015,96
"1048","JACKSON",2016,1017
"1049","JACKSON",2017,228
"1050","JACKSON",2018,249
"1051","JOHNSTON",1998,227
"1052","JOHNSTON",1999,288
"1053","JOHNSTON",2000,398
"1054","JOHNSTON",2001,461
"1055","JOHNSTON",2002,752
"1056","JOHNSTON",2003,919
"1057","JOHNSTON",2004,899
"1058","JOHNSTON",2005,904
"1059","JOHNSTON",2006,901
"1060","JOHNSTON",2007,955
"1061","JOHNSTON",2008,1123
"1062","JOHNSTON",2009,1296
"1063","JOHNSTON",2010,1268
"1064","JOHNSTON",2011,1087
"1065","JOHNSTON",2012,1229
"1066","JOHNSTON",2013,932
"1067","JOHNSTON",2014,691
"1068","JOHNSTON",2015,619
"1069","JOHNSTON",2016,490
"1070","JOHNSTON",2017,467
"1071","JOHNSTON",2018,302
"1072","JONES",1998,22
"1073","JONES",1999,21
"1074","JONES",2000,25
"1075","JONES",2001,47
"1076","JONES",2002,48
"1077","JONES",2003,59
"1078","JONES",2004,38
"1079","JONES",2005,49
"1080","JONES",2006,45
"1081","JONES",2007,50
"1082","JONES",2008,42
"1083","JONES",2009,42
"1084","JONES",2010,42
"1085","JONES",2011,37
"1086","JONES",2012,42
"1087","JONES",2013,53
"1088","JONES",2014,40
"1089","JONES",2015,34
"1090","JONES",2016,33
"1091","JONES",2017,34
"1092","JONES",2018,24
"1093","LEE",1998,74
"1094","LEE",1999,87
"1095","LEE",2000,119
"1096","LEE",2001,118
"1097","LEE",2002,192
"1098","LEE",2003,203
"1099","LEE",2004,267
"1100","LEE",2005,215
"1101","LEE",2006,244
"1102","LEE",2007,265
"1103","LEE",2008,241
"1104","LEE",2009,254
"1105","LEE",2010,323
"1106","LEE",2011,252
"1107","LEE",2012,292
"1108","LEE",2013,217
"1109","LEE",2014,195
"1110","LEE",2015,162
"1111","LEE",2016,134
"1112","LEE",2017,119
"1113","LEE",2018,77
"1114","LENOIR",1998,124
"1115","LENOIR",1999,119
"1116","LENOIR",2000,138
"1117","LENOIR",2001,162
"1118","LENOIR",2002,217
"1119","LENOIR",2003,246
"1120","LENOIR",2004,207
"1121","LENOIR",2005,197
"1122","LENOIR",2006,262
"1123","LENOIR",2007,204
"1124","LENOIR",2008,180
"1125","LENOIR",2009,213
"1126","LENOIR",2010,235
"1127","LENOIR",2011,184
"1128","LENOIR",2012,168
"1129","LENOIR",2013,210
"1130","LENOIR",2014,117
"1131","LENOIR",2015,135
"1132","LENOIR",2016,123
"1133","LENOIR",2017,137
"1134","LENOIR",2018,101
"1135","LINCOLN",1998,107
"1136","LINCOLN",1999,129
"1137","LINCOLN",2000,169
"1138","LINCOLN",2001,232
"1139","LINCOLN",2002,348
"1140","LINCOLN",2003,473
"1141","LINCOLN",2004,437
"1142","LINCOLN",2005,481
"1143","LINCOLN",2006,469
"1144","LINCOLN",2007,460
"1145","LINCOLN",2008,471
"1146","LINCOLN",2009,553
"1147","LINCOLN",2010,551
"1148","LINCOLN",2011,456
"1149","LINCOLN",2012,425
"1150","LINCOLN",2013,350
"1151","LINCOLN",2014,223
"1152","LINCOLN",2015,199
"1153","LINCOLN",2016,176
"1154","LINCOLN",2017,154
"1155","LINCOLN",2018,120
"1156","MACON",1998,25
"1157","MACON",1999,59
"1158","MACON",2000,49
"1159","MACON",2001,63
"1160","MACON",2002,85
"1161","MACON",2003,109
"1162","MACON",2004,92
"1163","MACON",2005,83
"1164","MACON",2006,64
"1165","MACON",2007,88
"1166","MACON",2008,150
"1167","MACON",2009,252
"1168","MACON",2010,297
"1169","MACON",2011,287
"1170","MACON",2012,244
"1171","MACON",2013,200
"1172","MACON",2014,136
"1173","MACON",2015,123
"1174","MACON",2016,94
"1175","MACON",2017,93
"1176","MACON",2018,43
"1177","MADISON",1998,20
"1178","MADISON",1999,25
"1179","MADISON",2000,23
"1180","MADISON",2001,40
"1181","MADISON",2002,44
"1182","MADISON",2003,59
"1183","MADISON",2004,64
"1184","MADISON",2005,53
"1185","MADISON",2006,52
"1186","MADISON",2007,62
"1187","MADISON",2008,79
"1188","MADISON",2009,132
"1189","MADISON",2010,157
"1190","MADISON",2011,109
"1191","MADISON",2012,94
"1192","MADISON",2013,80
"1193","MADISON",2014,51
"1194","MADISON",2015,40
"1195","MADISON",2016,45
"1196","MADISON",2017,31
"1197","MADISON",2018,26
"1198","MARTIN",1998,49
"1199","MARTIN",1999,48
"1200","MARTIN",2000,56
"1201","MARTIN",2001,76
"1202","MARTIN",2002,87
"1203","MARTIN",2003,109
"1204","MARTIN",2004,89
"1205","MARTIN",2005,64
"1206","MARTIN",2006,96
"1207","MARTIN",2007,95
"1208","MARTIN",2008,78
"1209","MARTIN",2009,79
"1210","MARTIN",2010,80
"1211","MARTIN",2011,74
"1212","MARTIN",2012,69
"1213","MARTIN",2013,88
"1214","MARTIN",2014,50
"1215","MARTIN",2015,52
"1216","MARTIN",2016,55
"1217","MARTIN",2017,62
"1218","MARTIN",2018,35
"1219","MCDOWELL",1998,67
"1220","MCDOWELL",1999,64
"1221","MCDOWELL",2000,99
"1222","MCDOWELL",2001,107
"1223","MCDOWELL",2002,122
"1224","MCDOWELL",2003,152
"1225","MCDOWELL",2004,166
"1226","MCDOWELL",2005,143
"1227","MCDOWELL",2006,156
"1228","MCDOWELL",2007,141
"1229","MCDOWELL",2008,172
"1230","MCDOWELL",2009,217
"1231","MCDOWELL",2010,225
"1232","MCDOWELL",2011,168
"1233","MCDOWELL",2012,179
"1234","MCDOWELL",2013,191
"1235","MCDOWELL",2014,105
"1236","MCDOWELL",2015,103
"1237","MCDOWELL",2016,92
"1238","MCDOWELL",2017,74
"1239","MCDOWELL",2018,65
"1240","MECKLENBURG",1998,1646
"1241","MECKLENBURG",1999,1897
"1242","MECKLENBURG",2000,2293
"1243","MECKLENBURG",2001,2933
"1244","MECKLENBURG",2002,4414
"1245","MECKLENBURG",2003,6225
"1246","MECKLENBURG",2004,6585
"1247","MECKLENBURG",2005,6430
"1248","MECKLENBURG",2006,7047
"1249","MECKLENBURG",2007,7977
"1250","MECKLENBURG",2008,8335
"1251","MECKLENBURG",2009,9724
"1252","MECKLENBURG",2010,10779
"1253","MECKLENBURG",2011,8288
"1254","MECKLENBURG",2012,9135
"1255","MECKLENBURG",2013,6394
"1256","MECKLENBURG",2014,4517
"1257","MECKLENBURG",2015,3884
"1258","MECKLENBURG",2016,3259
"1259","MECKLENBURG",2017,2897
"1260","MECKLENBURG",2018,1866
"1261","MITCHELL",1998,14
"1262","MITCHELL",1999,21
"1263","MITCHELL",2000,18
"1264","MITCHELL",2001,25
"1265","MITCHELL",2002,35
"1266","MITCHELL",2003,43
"1267","MITCHELL",2004,48
"1268","MITCHELL",2005,40
"1269","MITCHELL",2006,43
"1270","MITCHELL",2007,50
"1271","MITCHELL",2008,60
"1272","MITCHELL",2009,52
"1273","MITCHELL",2010,71
"1274","MITCHELL",2011,55
"1275","MITCHELL",2012,61
"1276","MITCHELL",2013,42
"1277","MITCHELL",2014,26
"1278","MITCHELL",2015,26
"1279","MITCHELL",2016,42
"1280","MITCHELL",2017,31
"1281","MITCHELL",2018,19
"1282","MONTGOMERY",1998,22
"1283","MONTGOMERY",1999,32
"1284","MONTGOMERY",2000,40
"1285","MONTGOMERY",2001,49
"1286","MONTGOMERY",2002,62
"1287","MONTGOMERY",2003,98
"1288","MONTGOMERY",2004,80
"1289","MONTGOMERY",2005,84
"1290","MONTGOMERY",2006,111
"1291","MONTGOMERY",2007,101
"1292","MONTGOMERY",2008,114
"1293","MONTGOMERY",2009,108
"1294","MONTGOMERY",2010,103
"1295","MONTGOMERY",2011,101
"1296","MONTGOMERY",2012,108
"1297","MONTGOMERY",2013,92
"1298","MONTGOMERY",2014,56
"1299","MONTGOMERY",2015,49
"1300","MONTGOMERY",2016,41
"1301","MONTGOMERY",2017,35
"1302","MONTGOMERY",2018,32
"1303","MOORE",1998,146
"1304","MOORE",1999,140
"1305","MOORE",2000,165
"1306","MOORE",2001,174
"1307","MOORE",2002,211
"1308","MOORE",2003,266
"1309","MOORE",2004,254
"1310","MOORE",2005,252
"1311","MOORE",2006,261
"1312","MOORE",2007,196
"1313","MOORE",2008,239
"1314","MOORE",2009,300
"1315","MOORE",2010,331
"1316","MOORE",2011,315
"1317","MOORE",2012,336
"1318","MOORE",2013,291
"1319","MOORE",2014,231
"1320","MOORE",2015,195
"1321","MOORE",2016,185
"1322","MOORE",2017,174
"1323","MOORE",2018,115
"1324","NASH",1998,119
"1325","NASH",1999,156
"1326","NASH",2000,179
"1327","NASH",2001,259
"1328","NASH",2002,373
"1329","NASH",2003,438
"1330","NASH",2004,438
"1331","NASH",2005,437
"1332","NASH",2006,449
"1333","NASH",2007,480
"1334","NASH",2008,561
"1335","NASH",2009,471
"1336","NASH",2010,574
"1337","NASH",2011,447
"1338","NASH",2012,451
"1339","NASH",2013,431
"1340","NASH",2014,283
"1341","NASH",2015,276
"1342","NASH",2016,199
"1343","NASH",2017,255
"1344","NASH",2018,155
"1345","NEW HANOVER",1998,300
"1346","NEW HANOVER",1999,396
"1347","NEW HANOVER",2000,513
"1348","NEW HANOVER",2001,653
"1349","NEW HANOVER",2002,868
"1350","NEW HANOVER",2003,909
"1351","NEW HANOVER",2004,737
"1352","NEW HANOVER",2005,605
"1353","NEW HANOVER",2006,561
"1354","NEW HANOVER",2007,720
"1355","NEW HANOVER",2008,1017
"1356","NEW HANOVER",2009,1483
"1357","NEW HANOVER",2010,1880
"1358","NEW HANOVER",2011,1559
"1359","NEW HANOVER",2012,1431
"1360","NEW HANOVER",2013,968
"1361","NEW HANOVER",2014,681
"1362","NEW HANOVER",2015,570
"1363","NEW HANOVER",2016,489
"1364","NEW HANOVER",2017,451
"1365","NEW HANOVER",2018,293
"1366","NORTHAMPTON",1998,29
"1367","NORTHAMPTON",1999,51
"1368","NORTHAMPTON",2000,45
"1369","NORTHAMPTON",2001,60
"1370","NORTHAMPTON",2002,84
"1371","NORTHAMPTON",2003,71
"1372","NORTHAMPTON",2004,73
"1373","NORTHAMPTON",2005,74
"1374","NORTHAMPTON",2006,72
"1375","NORTHAMPTON",2007,79
"1376","NORTHAMPTON",2008,76
"1377","NORTHAMPTON",2009,64
"1378","NORTHAMPTON",2010,63
"1379","NORTHAMPTON",2011,61
"1380","NORTHAMPTON",2012,62
"1381","NORTHAMPTON",2013,83
"1382","NORTHAMPTON",2014,53
"1383","NORTHAMPTON",2015,34
"1384","NORTHAMPTON",2016,34
"1385","NORTHAMPTON",2017,37
"1386","NORTHAMPTON",2018,28
"1387","ONSLOW",1998,355
"1388","ONSLOW",1999,358
"1389","ONSLOW",2000,367
"1390","ONSLOW",2001,433
"1391","ONSLOW",2002,504
"1392","ONSLOW",2003,555
"1393","ONSLOW",2004,502
"1394","ONSLOW",2005,445
"1395","ONSLOW",2006,441
"1396","ONSLOW",2007,512
"1397","ONSLOW",2008,636
"1398","ONSLOW",2009,738
"1399","ONSLOW",2010,819
"1400","ONSLOW",2011,529
"1401","ONSLOW",2012,842
"1402","ONSLOW",2013,1109
"1403","ONSLOW",2014,1034
"1404","ONSLOW",2015,1053
"1405","ONSLOW",2016,1036
"1406","ONSLOW",2017,939
"1407","ONSLOW",2018,484
"1408","ORANGE",1998,80
"1409","ORANGE",1999,127
"1410","ORANGE",2000,116
"1411","ORANGE",2001,155
"1412","ORANGE",2002,188
"1413","ORANGE",2003,292
"1414","ORANGE",2004,233
"1415","ORANGE",2005,251
"1416","ORANGE",2006,278
"1417","ORANGE",2007,255
"1418","ORANGE",2008,298
"1419","ORANGE",2009,333
"1420","ORANGE",2010,361
"1421","ORANGE",2011,316
"1422","ORANGE",2012,282
"1423","ORANGE",2013,252
"1424","ORANGE",2014,157
"1425","ORANGE",2015,160
"1426","ORANGE",2016,124
"1427","ORANGE",2017,119
"1428","ORANGE",2018,62
"1429","PAMLICO",1998,17
"1430","PAMLICO",1999,27
"1431","PAMLICO",2000,33
"1432","PAMLICO",2001,31
"1433","PAMLICO",2002,43
"1434","PAMLICO",2003,45
"1435","PAMLICO",2004,40
"1436","PAMLICO",2005,29
"1437","PAMLICO",2006,37
"1438","PAMLICO",2007,30
"1439","PAMLICO",2008,59
"1440","PAMLICO",2009,56
"1441","PAMLICO",2010,74
"1442","PAMLICO",2011,70
"1443","PAMLICO",2012,55
"1444","PAMLICO",2013,45
"1445","PAMLICO",2014,45
"1446","PAMLICO",2015,36
"1447","PAMLICO",2016,40
"1448","PAMLICO",2017,25
"1449","PAMLICO",2018,27
"1450","PASQUOTANK",1998,73
"1451","PASQUOTANK",1999,87
"1452","PASQUOTANK",2000,96
"1453","PASQUOTANK",2001,96
"1454","PASQUOTANK",2002,92
"1455","PASQUOTANK",2003,128
"1456","PASQUOTANK",2004,109
"1457","PASQUOTANK",2005,119
"1458","PASQUOTANK",2006,114
"1459","PASQUOTANK",2007,162
"1460","PASQUOTANK",2008,246
"1461","PASQUOTANK",2009,297
"1462","PASQUOTANK",2010,296
"1463","PASQUOTANK",2011,271
"1464","PASQUOTANK",2012,271
"1465","PASQUOTANK",2013,271
"1466","PASQUOTANK",2014,161
"1467","PASQUOTANK",2015,158
"1468","PASQUOTANK",2016,157
"1469","PASQUOTANK",2017,143
"1470","PASQUOTANK",2018,90
"1471","PENDER",1998,82
"1472","PENDER",1999,106
"1473","PENDER",2000,171
"1474","PENDER",2001,232
"1475","PENDER",2002,272
"1476","PENDER",2003,305
"1477","PENDER",2004,287
"1478","PENDER",2005,226
"1479","PENDER",2006,206
"1480","PENDER",2007,239
"1481","PENDER",2008,327
"1482","PENDER",2009,473
"1483","PENDER",2010,521
"1484","PENDER",2011,419
"1485","PENDER",2012,426
"1486","PENDER",2013,369
"1487","PENDER",2014,235
"1488","PENDER",2015,184
"1489","PENDER",2016,149
"1490","PENDER",2017,173
"1491","PENDER",2018,104
"1492","PERQUIMANS",1998,18
"1493","PERQUIMANS",1999,28
"1494","PERQUIMANS",2000,31
"1495","PERQUIMANS",2001,20
"1496","PERQUIMANS",2002,39
"1497","PERQUIMANS",2003,38
"1498","PERQUIMANS",2004,36
"1499","PERQUIMANS",2005,26
"1500","PERQUIMANS",2006,30
"1501","PERQUIMANS",2007,35
"1502","PERQUIMANS",2008,42
"1503","PERQUIMANS",2009,74
"1504","PERQUIMANS",2010,74
"1505","PERQUIMANS",2011,72
"1506","PERQUIMANS",2012,77
"1507","PERQUIMANS",2013,85
"1508","PERQUIMANS",2014,72
"1509","PERQUIMANS",2015,66
"1510","PERQUIMANS",2016,52
"1511","PERQUIMANS",2017,53
"1512","PERQUIMANS",2018,26
"1513","PERSON",1998,56
"1514","PERSON",1999,73
"1515","PERSON",2000,91
"1516","PERSON",2001,116
"1517","PERSON",2002,149
"1518","PERSON",2003,176
"1519","PERSON",2004,226
"1520","PERSON",2005,222
"1521","PERSON",2006,199
"1522","PERSON",2007,239
"1523","PERSON",2008,219
"1524","PERSON",2009,224
"1525","PERSON",2010,256
"1526","PERSON",2011,185
"1527","PERSON",2012,226
"1528","PERSON",2013,192
"1529","PERSON",2014,129
"1530","PERSON",2015,125
"1531","PERSON",2016,81
"1532","PERSON",2017,100
"1533","PERSON",2018,62
"1534","PITT",1998,262
"1535","PITT",1999,273
"1536","PITT",2000,302
"1537","PITT",2001,343
"1538","PITT",2002,496
"1539","PITT",2003,571
"1540","PITT",2004,546
"1541","PITT",2005,544
"1542","PITT",2006,642
"1543","PITT",2007,672
"1544","PITT",2008,717
"1545","PITT",2009,722
"1546","PITT",2010,754
"1547","PITT",2011,652
"1548","PITT",2012,700
"1549","PITT",2013,610
"1550","PITT",2014,487
"1551","PITT",2015,468
"1552","PITT",2016,366
"1553","PITT",2017,334
"1554","PITT",2018,257
"1555","POLK",1998,13
"1556","POLK",1999,28
"1557","POLK",2000,35
"1558","POLK",2001,33
"1559","POLK",2002,42
"1560","POLK",2003,54
"1561","POLK",2004,57
"1562","POLK",2005,54
"1563","POLK",2006,58
"1564","POLK",2007,59
"1565","POLK",2008,76
"1566","POLK",2009,98
"1567","POLK",2010,117
"1568","POLK",2011,105
"1569","POLK",2012,94
"1570","POLK",2013,80
"1571","POLK",2014,58
"1572","POLK",2015,37
"1573","POLK",2016,32
"1574","POLK",2017,26
"1575","POLK",2018,21
"1576","RANDOLPH",1998,165
"1577","RANDOLPH",1999,191
"1578","RANDOLPH",2000,237
"1579","RANDOLPH",2001,304
"1580","RANDOLPH",2002,459
"1581","RANDOLPH",2003,520
"1582","RANDOLPH",2004,559
"1583","RANDOLPH",2005,597
"1584","RANDOLPH",2006,647
"1585","RANDOLPH",2007,664
"1586","RANDOLPH",2008,664
"1587","RANDOLPH",2009,717
"1588","RANDOLPH",2010,811
"1589","RANDOLPH",2011,653
"1590","RANDOLPH",2012,690
"1591","RANDOLPH",2013,671
"1592","RANDOLPH",2014,453
"1593","RANDOLPH",2015,363
"1594","RANDOLPH",2016,326
"1595","RANDOLPH",2017,286
"1596","RANDOLPH",2018,192
"1597","RICHMOND",1998,131
"1598","RICHMOND",1999,131
"1599","RICHMOND",2000,127
"1600","RICHMOND",2001,127
"1601","RICHMOND",2002,164
"1602","RICHMOND",2003,178
"1603","RICHMOND",2004,141
"1604","RICHMOND",2005,161
"1605","RICHMOND",2006,197
"1606","RICHMOND",2007,159
"1607","RICHMOND",2008,128
"1608","RICHMOND",2009,126
"1609","RICHMOND",2010,151
"1610","RICHMOND",2011,127
"1611","RICHMOND",2012,137
"1612","RICHMOND",2013,133
"1613","RICHMOND",2014,97
"1614","RICHMOND",2015,94
"1615","RICHMOND",2016,96
"1616","RICHMOND",2017,83
"1617","RICHMOND",2018,57
"1618","ROBESON",1998,182
"1619","ROBESON",1999,255
"1620","ROBESON",2000,293
"1621","ROBESON",2001,402
"1622","ROBESON",2002,462
"1623","ROBESON",2003,557
"1624","ROBESON",2004,531
"1625","ROBESON",2005,460
"1626","ROBESON",2006,530
"1627","ROBESON",2007,439
"1628","ROBESON",2008,436
"1629","ROBESON",2009,349
"1630","ROBESON",2010,383
"1631","ROBESON",2011,320
"1632","ROBESON",2012,358
"1633","ROBESON",2013,276
"1634","ROBESON",2014,251
"1635","ROBESON",2015,256
"1636","ROBESON",2016,213
"1637","ROBESON",2017,189
"1638","ROBESON",2018,134
"1639","ROCKINGHAM",1998,174
"1640","ROCKINGHAM",1999,195
"1641","ROCKINGHAM",2000,224
"1642","ROCKINGHAM",2001,304
"1643","ROCKINGHAM",2002,406
"1644","ROCKINGHAM",2003,423
"1645","ROCKINGHAM",2004,474
"1646","ROCKINGHAM",2005,507
"1647","ROCKINGHAM",2006,528
"1648","ROCKINGHAM",2007,569
"1649","ROCKINGHAM",2008,603
"1650","ROCKINGHAM",2009,521
"1651","ROCKINGHAM",2010,594
"1652","ROCKINGHAM",2011,447
"1653","ROCKINGHAM",2012,492
"1654","ROCKINGHAM",2013,428
"1655","ROCKINGHAM",2014,333
"1656","ROCKINGHAM",2015,277
"1657","ROCKINGHAM",2016,285
"1658","ROCKINGHAM",2017,246
"1659","ROCKINGHAM",2018,160
"1660","ROWAN",1998,164
"1661","ROWAN",1999,247
"1662","ROWAN",2000,304
"1663","ROWAN",2001,434
"1664","ROWAN",2002,597
"1665","ROWAN",2003,820
"1666","ROWAN",2004,745
"1667","ROWAN",2005,763
"1668","ROWAN",2006,720
"1669","ROWAN",2007,788
"1670","ROWAN",2008,790
"1671","ROWAN",2009,814
"1672","ROWAN",2010,915
"1673","ROWAN",2011,735
"1674","ROWAN",2012,751
"1675","ROWAN",2013,661
"1676","ROWAN",2014,464
"1677","ROWAN",2015,391
"1678","ROWAN",2016,397
"1679","ROWAN",2017,361
"1680","ROWAN",2018,250
"1681","RUTHERFORD",1998,98
"1682","RUTHERFORD",1999,151
"1683","RUTHERFORD",2000,165
"1684","RUTHERFORD",2001,203
"1685","RUTHERFORD",2002,286
"1686","RUTHERFORD",2003,291
"1687","RUTHERFORD",2004,350
"1688","RUTHERFORD",2005,315
"1689","RUTHERFORD",2006,273
"1690","RUTHERFORD",2007,353
"1691","RUTHERFORD",2008,353
"1692","RUTHERFORD",2009,496
"1693","RUTHERFORD",2010,502
"1694","RUTHERFORD",2011,403
"1695","RUTHERFORD",2012,387
"1696","RUTHERFORD",2013,503
"1697","RUTHERFORD",2014,218
"1698","RUTHERFORD",2015,313
"1699","RUTHERFORD",2016,258
"1700","RUTHERFORD",2017,187
"1701","RUTHERFORD",2018,139
"1702","SAMPSON",1998,79
"1703","SAMPSON",1999,118
"1704","SAMPSON",2000,147
"1705","SAMPSON",2001,163
"1706","SAMPSON",2002,255
"1707","SAMPSON",2003,275
"1708","SAMPSON",2004,263
"1709","SAMPSON",2005,268
"1710","SAMPSON",2006,281
"1711","SAMPSON",2007,271
"1712","SAMPSON",2008,248
"1713","SAMPSON",2009,207
"1714","SAMPSON",2010,233
"1715","SAMPSON",2011,188
"1716","SAMPSON",2012,191
"1717","SAMPSON",2013,181
"1718","SAMPSON",2014,139
"1719","SAMPSON",2015,150
"1720","SAMPSON",2016,127
"1721","SAMPSON",2017,150
"1722","SAMPSON",2018,66
"1723","SCOTLAND",1998,62
"1724","SCOTLAND",1999,104
"1725","SCOTLAND",2000,130
"1726","SCOTLAND",2001,112
"1727","SCOTLAND",2002,133
"1728","SCOTLAND",2003,175
"1729","SCOTLAND",2004,177
"1730","SCOTLAND",2005,156
"1731","SCOTLAND",2006,188
"1732","SCOTLAND",2007,158
"1733","SCOTLAND",2008,145
"1734","SCOTLAND",2009,109
"1735","SCOTLAND",2010,147
"1736","SCOTLAND",2011,109
"1737","SCOTLAND",2012,119
"1738","SCOTLAND",2013,109
"1739","SCOTLAND",2014,81
"1740","SCOTLAND",2015,80
"1741","SCOTLAND",2016,73
"1742","SCOTLAND",2017,74
"1743","SCOTLAND",2018,48
"1744","STANLY",1998,83
"1745","STANLY",1999,119
"1746","STANLY",2000,156
"1747","STANLY",2001,188
"1748","STANLY",2002,206
"1749","STANLY",2003,282
"1750","STANLY",2004,229
"1751","STANLY",2005,200
"1752","STANLY",2006,248
"1753","STANLY",2007,224
"1754","STANLY",2008,241
"1755","STANLY",2009,241
"1756","STANLY",2010,285
"1757","STANLY",2011,250
"1758","STANLY",2012,245
"1759","STANLY",2013,199
"1760","STANLY",2014,142
"1761","STANLY",2015,129
"1762","STANLY",2016,118
"1763","STANLY",2017,89
"1764","STANLY",2018,88
"1765","STOKES",1998,52
"1766","STOKES",1999,67
"1767","STOKES",2000,94
"1768","STOKES",2001,114
"1769","STOKES",2002,156
"1770","STOKES",2003,206
"1771","STOKES",2004,203
"1772","STOKES",2005,221
"1773","STOKES",2006,216
"1774","STOKES",2007,226
"1775","STOKES",2008,209
"1776","STOKES",2009,210
"1777","STOKES",2010,243
"1778","STOKES",2011,191
"1779","STOKES",2012,198
"1780","STOKES",2013,162
"1781","STOKES",2014,145
"1782","STOKES",2015,137
"1783","STOKES",2016,116
"1784","STOKES",2017,94
"1785","STOKES",2018,63
"1786","SURRY",1998,79
"1787","SURRY",1999,74
"1788","SURRY",2000,107
"1789","SURRY",2001,142
"1790","SURRY",2002,206
"1791","SURRY",2003,278
"1792","SURRY",2004,259
"1793","SURRY",2005,242
"1794","SURRY",2006,252
"1795","SURRY",2007,268
"1796","SURRY",2008,258
"1797","SURRY",2009,254
"1798","SURRY",2010,316
"1799","SURRY",2011,285
"1800","SURRY",2012,223
"1801","SURRY",2013,206
"1802","SURRY",2014,155
"1803","SURRY",2015,151
"1804","SURRY",2016,140
"1805","SURRY",2017,122
"1806","SURRY",2018,82
"1807","SWAIN",1998,7
"1808","SWAIN",1999,6
"1809","SWAIN",2000,8
"1810","SWAIN",2001,10
"1811","SWAIN",2002,11
"1812","SWAIN",2003,11
"1813","SWAIN",2004,26
"1814","SWAIN",2005,27
"1815","SWAIN",2006,33
"1816","SWAIN",2007,31
"1817","SWAIN",2008,39
"1818","SWAIN",2009,59
"1819","SWAIN",2010,74
"1820","SWAIN",2011,66
"1821","SWAIN",2012,54
"1822","SWAIN",2013,52
"1823","SWAIN",2014,31
"1824","SWAIN",2015,19
"1825","SWAIN",2016,22
"1826","SWAIN",2017,27
"1827","SWAIN",2018,14
"1828","TRANSYLVANIA",1998,26
"1829","TRANSYLVANIA",1999,34
"1830","TRANSYLVANIA",2000,45
"1831","TRANSYLVANIA",2001,54
"1832","TRANSYLVANIA",2002,88
"1833","TRANSYLVANIA",2003,84
"1834","TRANSYLVANIA",2004,59
"1835","TRANSYLVANIA",2005,67
"1836","TRANSYLVANIA",2006,71
"1837","TRANSYLVANIA",2007,87
"1838","TRANSYLVANIA",2008,117
"1839","TRANSYLVANIA",2009,139
"1840","TRANSYLVANIA",2010,203
"1841","TRANSYLVANIA",2011,167
"1842","TRANSYLVANIA",2012,136
"1843","TRANSYLVANIA",2013,114
"1844","TRANSYLVANIA",2014,66
"1845","TRANSYLVANIA",2015,74
"1846","TRANSYLVANIA",2016,46
"1847","TRANSYLVANIA",2017,47
"1848","TRANSYLVANIA",2018,26
"1849","TYRRELL",1998,6
"1850","TYRRELL",1999,6
"1851","TYRRELL",2000,5
"1852","TYRRELL",2001,6
"1853","TYRRELL",2002,4
"1854","TYRRELL",2003,5
"1855","TYRRELL",2004,10
"1856","TYRRELL",2005,6
"1857","TYRRELL",2006,8
"1858","TYRRELL",2007,12
"1859","TYRRELL",2008,18
"1860","TYRRELL",2009,15
"1861","TYRRELL",2010,21
"1862","TYRRELL",2011,16
"1863","TYRRELL",2012,13
"1864","TYRRELL",2013,19
"1865","TYRRELL",2014,11
"1866","TYRRELL",2015,5
"1867","TYRRELL",2016,7
"1868","TYRRELL",2017,2
"1869","TYRRELL",2018,2
"1870","UNION",1998,228
"1871","UNION",1999,237
"1872","UNION",2000,330
"1873","UNION",2001,454
"1874","UNION",2002,713
"1875","UNION",2003,960
"1876","UNION",2004,923
"1877","UNION",2005,941
"1878","UNION",2006,1033
"1879","UNION",2007,1085
"1880","UNION",2008,1247
"1881","UNION",2009,1789
"1882","UNION",2010,2046
"1883","UNION",2011,1573
"1884","UNION",2012,1509
"1885","UNION",2013,1083
"1886","UNION",2014,690
"1887","UNION",2015,620
"1888","UNION",2016,533
"1889","UNION",2017,441
"1890","UNION",2018,346
"1891","VANCE",1998,58
"1892","VANCE",1999,89
"1893","VANCE",2000,162
"1894","VANCE",2001,200
"1895","VANCE",2002,299
"1896","VANCE",2003,393
"1897","VANCE",2004,331
"1898","VANCE",2005,279
"1899","VANCE",2006,273
"1900","VANCE",2007,272
"1901","VANCE",2008,233
"1902","VANCE",2009,207
"1903","VANCE",2010,224
"1904","VANCE",2011,153
"1905","VANCE",2012,210
"1906","VANCE",2013,198
"1907","VANCE",2014,148
"1908","VANCE",2015,125
"1909","VANCE",2016,103
"1910","VANCE",2017,91
"1911","VANCE",2018,67
"1912","WAKE",1998,966
"1913","WAKE",1999,1148
"1914","WAKE",2000,1362
"1915","WAKE",2001,1878
"1916","WAKE",2002,2615
"1917","WAKE",2003,3414
"1918","WAKE",2004,3357
"1919","WAKE",2005,3512
"1920","WAKE",2006,3855
"1921","WAKE",2007,4282
"1922","WAKE",2008,4766
"1923","WAKE",2009,5121
"1924","WAKE",2010,5595
"1925","WAKE",2011,4537
"1926","WAKE",2012,4599
"1927","WAKE",2013,3603
"1928","WAKE",2014,2528
"1929","WAKE",2015,2251
"1930","WAKE",2016,1954
"1931","WAKE",2017,1782
"1932","WAKE",2018,1262
"1933","WARREN",1998,24
"1934","WARREN",1999,44
"1935","WARREN",2000,39
"1936","WARREN",2001,51
"1937","WARREN",2002,67
"1938","WARREN",2003,86
"1939","WARREN",2004,87
"1940","WARREN",2005,87
"1941","WARREN",2006,101
"1942","WARREN",2007,80
"1943","WARREN",2008,77
"1944","WARREN",2009,70
"1945","WARREN",2010,106
"1946","WARREN",2011,77
"1947","WARREN",2012,69
"1948","WARREN",2013,52
"1949","WARREN",2014,36
"1950","WARREN",2015,48
"1951","WARREN",2016,52
"1952","WARREN",2017,44
"1953","WARREN",2018,22
"1954","WASHINGTON",1998,22
"1955","WASHINGTON",1999,30
"1956","WASHINGTON",2000,30
"1957","WASHINGTON",2001,25
"1958","WASHINGTON",2002,37
"1959","WASHINGTON",2003,59
"1960","WASHINGTON",2004,33
"1961","WASHINGTON",2005,51
"1962","WASHINGTON",2006,45
"1963","WASHINGTON",2007,45
"1964","WASHINGTON",2008,50
"1965","WASHINGTON",2009,44
"1966","WASHINGTON",2010,41
"1967","WASHINGTON",2011,37
"1968","WASHINGTON",2012,41
"1969","WASHINGTON",2013,37
"1970","WASHINGTON",2014,37
"1971","WASHINGTON",2015,32
"1972","WASHINGTON",2016,24
"1973","WASHINGTON",2017,23
"1974","WASHINGTON",2018,11
"1975","WATAUGA",1998,49
"1976","WATAUGA",1999,37
"1977","WATAUGA",2000,42
"1978","WATAUGA",2001,85
"1979","WATAUGA",2002,87
"1980","WATAUGA",2003,106
"1981","WATAUGA",2004,94
"1982","WATAUGA",2005,95
"1983","WATAUGA",2006,107
"1984","WATAUGA",2007,131
"1985","WATAUGA",2008,231
"1986","WATAUGA",2009,264
"1987","WATAUGA",2010,355
"1988","WATAUGA",2011,248
"1989","WATAUGA",2012,260
"1990","WATAUGA",2013,185
"1991","WATAUGA",2014,142
"1992","WATAUGA",2015,113
"1993","WATAUGA",2016,89
"1994","WATAUGA",2017,62
"1995","WATAUGA",2018,78
"1996","WAYNE",1998,238
"1997","WAYNE",1999,285
"1998","WAYNE",2000,286
"1999","WAYNE",2001,345
"2000","WAYNE",2002,436
"2001","WAYNE",2003,528
"2002","WAYNE",2004,498
"2003","WAYNE",2005,520
"2004","WAYNE",2006,529
"2005","WAYNE",2007,491
"2006","WAYNE",2008,536
"2007","WAYNE",2009,471
"2008","WAYNE",2010,499
"2009","WAYNE",2011,406
"2010","WAYNE",2012,432
"2011","WAYNE",2013,387
"2012","WAYNE",2014,286
"2013","WAYNE",2015,297
"2014","WAYNE",2016,251
"2015","WAYNE",2017,282
"2016","WAYNE",2018,174
"2017","WILKES",1998,76
"2018","WILKES",1999,91
"2019","WILKES",2000,90
"2020","WILKES",2001,132
"2021","WILKES",2002,178
"2022","WILKES",2003,203
"2023","WILKES",2004,155
"2024","WILKES",2005,215
"2025","WILKES",2006,222
"2026","WILKES",2007,236
"2027","WILKES",2008,257
"2028","WILKES",2009,286
"2029","WILKES",2010,331
"2030","WILKES",2011,276
"2031","WILKES",2012,255
"2032","WILKES",2013,204
"2033","WILKES",2014,160
"2034","WILKES",2015,137
"2035","WILKES",2016,106
"2036","WILKES",2017,104
"2037","WILKES",2018,70
"2038","WILSON",1998,151
"2039","WILSON",1999,136
"2040","WILSON",2000,167
"2041","WILSON",2001,193
"2042","WILSON",2002,315
"2043","WILSON",2003,321
"2044","WILSON",2004,340
"2045","WILSON",2005,366
"2046","WILSON",2006,383
"2047","WILSON",2007,398
"2048","WILSON",2008,402
"2049","WILSON",2009,387
"2050","WILSON",2010,459
"2051","WILSON",2011,302
"2052","WILSON",2012,380
"2053","WILSON",2013,317
"2054","WILSON",2014,285
"2055","WILSON",2015,221
"2056","WILSON",2016,184
"2057","WILSON",2017,206
"2058","WILSON",2018,153
"2059","YADKIN",1998,35
"2060","YADKIN",1999,43
"2061","YADKIN",2000,64
"2062","YADKIN",2001,71
"2063","YADKIN",2002,99
"2064","YADKIN",2003,137
"2065","YADKIN",2004,131
"2066","YADKIN",2005,118
"2067","YADKIN",2006,125
"2068","YADKIN",2007,117
"2069","YADKIN",2008,142
"2070","YADKIN",2009,106
"2071","YADKIN",2010,168
"2072","YADKIN",2011,106
"2073","YADKIN",2012,131
"2074","YADKIN",2013,116
"2075","YADKIN",2014,86
"2076","YADKIN",2015,62
"2077","YADKIN",2016,92
"2078","YADKIN",2017,56
"2079","YADKIN",2018,41
"2080","YANCEY",1998,21
"2081","YANCEY",1999,36
"2082","YANCEY",2000,22
"2083","YANCEY",2001,21
"2084","YANCEY",2002,42
"2085","YANCEY",2003,35
"2086","YANCEY",2004,47
"2087","YANCEY",2005,35
"2088","YANCEY",2006,41
"2089","YANCEY",2007,48
"2090","YANCEY",2008,62
"2091","YANCEY",2009,87
"2092","YANCEY",2010,92
"2093","YANCEY",2011,63
"2094","YANCEY",2012,52
"2095","YANCEY",2013,54
"2096","YANCEY",2014,52
"2097","YANCEY",2015,55
"2098","YANCEY",2016,51
"2099","YANCEY",2017,40
"2100","YANCEY",2018,20
